{"project":{"profile":{"name":"sftp","description":""},"commands":[{"father":"module","command":"{\"module_name\":\"sftp_\",\"module\":\"conn_sftp\",\"server_\":\"localhost\",\"user_\":\"test\",\"pass_\":\"{pass}\",\"var_\":\"conn\"}","option":"","var":"","index":0,"group":"scripts","execute":2,"if":"","children":[],"else":[],"id":"71f27083-9741-4070-9177-eef393b3bba5","mode_live":true,"getvar":"","screenshot":"","img":"","message":"module  {\"module_name\":\"sftp_\",\"module\":\"conn_sftp\",\"server_\":\"localhost\",\"user_\":\"test\",\"pass_\":\"123456\",\"var_\":\"conn\"}","extra":[],"result":"True"},{"father":"module","command":"{\"module_name\":\"sftp_\",\"module\":\"go_dir\",\"dir_\":\"test/prueba\",\"var_\":\"dir\"}","option":"","var":"","index":1,"group":"scripts","execute":2,"if":"","children":[],"else":[],"id":"b24d8435-cf4d-14b5-b328-f30283757f11","mode_live":true,"getvar":"","screenshot":"","img":"","message":"module  {\"module_name\":\"sftp_\",\"module\":\"go_dir\",\"dir_\":\"test/prueba\",\"var_\":\"dir\"}","extra":[],"result":"True"},{"father":"module","command":"{\"module_name\":\"sftp_\",\"module\":\"upload_\",\"file_\":\"C:/Users/User/Desktop/test/datos_form.xlsx\",\"var_\":\"up_\"}","option":"","var":"","index":2,"group":"scripts","execute":2,"if":"","children":[],"else":[],"id":"aba7be84-e695-b435-b0a2-53753edd2c53","mode_live":true,"getvar":"","extra_data":null,"screenshot":"","img":"","message":"module  {\"module_name\":\"sftp_\",\"module\":\"upload_\",\"file_\":\"C:/Users/Marce/Desktop/Capacitaciones/datos_form.xlsx\",\"var_\":\"up_\"}","extra":[],"result":"True"},{"father":"module","command":"{\"module_name\":\"sftp_\",\"module\":\"download_\",\"file_\":\"datos_form.xlsx\",\"path_\":\"C:/Users/User/Desktop\",\"var_\":\"download\"}","option":"","var":"","index":3,"group":"scripts","execute":2,"if":"","children":[],"else":[],"id":"8c17f2f7-1fe5-db5d-9398-70ab8b276dbd","mode_live":true,"getvar":"","extra_data":null,"screenshot":"","img":"","message":"module  {\"module_name\":\"sftp_\",\"module\":\"download_\",\"file_\":\"datos_form.xlsx\",\"path_\":\"C:/Users/Marce/Desktop\",\"var_\":\"download\"}","extra":[],"result":"True"}],"vars":[{"name":"conn","data":"True","type":"string","$$hashKey":"object:1566"},{"name":"dir","data":"/test/prueba/","type":"string","$$hashKey":"object:1567"},{"name":"up_","data":"True","type":"string","$$hashKey":"object:1568"},{"name":"download","data":"True","type":"string","$$hashKey":"object:1569"},{"name":"pass","data":"","type":"password","$$hashKey":"object:2684"}],"ifs":[]}}